ukc1101-06000,Seaton Carew North,Hartlepool,54.66466674,-1.186042767,Northumbrian Water Limited
ukc1101-06100,Seaton Carew Centre,Hartlepool,54.65991277,-1.180727605,Northumbrian Water Limited
ukc1101-06200,Seaton Carew North Gare,Hartlepool,54.64962983,-1.164661467,Northumbrian Water Limited
ukc1202-06300,Redcar Coatham,Redcar and Cleveland,54.62206748,-1.081593055,Northumbrian Water Limited
ukc1202-06400,Redcar Lifeboat Station,Redcar and Cleveland,54.6200564,-1.060762,Northumbrian Water Limited
ukc1202-06500,Redcar Granville,Redcar and Cleveland,54.61734809,-1.052276147,Northumbrian Water Limited
ukc1202-06600,Redcar Stray,Redcar and Cleveland,54.6055202,-1.033973134,Northumbrian Water Limited
ukc1202-06650,Marske Sands,Redcar and Cleveland,54.59999193,-1.017076688,Northumbrian Water Limited
ukc1202-06700,Saltburn,Redcar and Cleveland,54.58679196,-0.969779716,Northumbrian Water Limited
ukc1404-05700,Seaham Hall Beach,County Durham,54.85044966,-1.341498034,Northumbrian Water Limited
ukc1404-05800,Seaham Beach,County Durham,54.84751066,-1.338119693,Northumbrian Water Limited
ukc1404-05900,Crimdon,County Durham,54.7280784,-1.248732185,Northumbrian Water Limited
ukc2101-04000,Low Newton,Northumberland,55.5132164,-1.615516765,Northumbrian Water Limited
ukc2101-04200,Warkworth,Northumberland,55.35121368,-1.592800275,Northumbrian Water Limited
ukc2101-04250,Amble Links,Northumberland,55.32565184,-1.552400659,Northumbrian Water Limited
ukc2102-03600,Spittal,Northumberland,55.75686835,-1.98883938,Northumbrian Water Limited
ukc2102-03700,Bamburgh Castle,Northumberland,55.61096248,-1.707903477,Northumbrian Water Limited
ukc2102-03800,Seahouses North,Northumberland,55.5901916,-1.666805897,Northumbrian Water Limited
ukc2102-03900,Beadnell,Northumberland,55.5487603,-1.632287511,Northumbrian Water Limited
ukc2103-04600,Blyth South Beach,Northumberland,55.10887436,-1.496828271,Northumbrian Water Limited
ukc2103-04700,Seaton Sluice,Northumberland,55.08722975,-1.47830017,Northumbrian Water Limited
ukc2104-04280,Druridge Bay North,Northumberland,55.29111457,-1.568535756,Northumbrian Water Limited
ukc2104-04300,Druridge Bay South,Northumberland,55.24025511,-1.543923843,Northumbrian Water Limited
ukc2106-04400,Newbiggin North,Northumberland,55.18441212,-1.510325608,Northumbrian Water Limited
ukc2106-04500,Newbiggin South,Northumberland,55.17885864,-1.514790312,Northumbrian Water Limited
ukc2203-04800,Whitley Bay,North Tyneside,55.048892,-1.445147644,Northumbrian Water Limited
ukc2203-04900,Tynemouth Cullercoats,North Tyneside,55.03478136,-1.431026431,Northumbrian Water Limited
ukc2203-05000,Tynemouth Long Sands North,North Tyneside,55.03042103,-1.428678948,Northumbrian Water Limited
ukc2203-05100,Tynemouth Long Sands South,North Tyneside,55.02407823,-1.423278822,Northumbrian Water Limited
ukc2203-05200,Tynemouth King Edwards Bay,North Tyneside,55.01932211,-1.418999137,Northumbrian Water Limited
ukc2204-05300,South Shields,South Tyneside,54.99974719,-1.409089561,Northumbrian Water Limited
ukc2204-05400,Marsden,South Tyneside,54.9780179,-1.37659818,Northumbrian Water Limited
ukc2300-05500,Seaburn - Sunderland,Sunderland,54.93752589,-1.366298597,Northumbrian Water Limited
ukc2300-05600,Roker - Sunderland,Sunderland,54.92574648,-1.364923293,Northumbrian Water Limited
ukd1101-46000,Allonby South,Allerdale,54.74396018,-3.456453603,United Utilities Water Limited
ukd1101-46100,Allonby,Allerdale,54.76803625,-3.434625292,United Utilities Water Limited
ukd1101-46300,Silloth,Allerdale,54.86534537,-3.409142361,United Utilities Water Limited
ukd1102-44200,Walney Biggar Bank,Barrow-in-Furness,54.0950168,-3.258381294,United Utilities Water Limited
ukd1102-44300,Walney Sandy Gap,Barrow-in-Furness,54.10215699,-3.263185667,United Utilities Water Limited
ukd1102-44400,Walney West Shore,Barrow-in-Furness,54.12078226,-3.27163117,United Utilities Water Limited
ukd1103-44800,Haverigg,Copeland,54.18907005,-3.288823755,United Utilities Water Limited
ukd1103-45200,Silecroft,Copeland,54.21894706,-3.351102516,United Utilities Water Limited
ukd1103-45600,Seascale,Copeland,54.39528257,-3.489357986,United Utilities Water Limited
ukd1103-45920,St Bees,Copeland,54.48992563,-3.60858869,United Utilities Water Limited
ukd1203-45625,"Windermere, Lakeside YMCA",South Lakeland,54.30039495,-2.961462962,United Utilities Water Limited
ukd1203-45650,"Windermere, Millerground Landing",South Lakeland,54.3807,-2.9225,United Utilities Water Limited
ukd1203-45675,"Windermere, Rayrigg Meadow",South Lakeland,54.37815373,-2.922496442,United Utilities Water Limited
ukd1203-45700,"Windermere, Fellfoot",South Lakeland,54.27451694,-2.953781739,United Utilities Water Limited
ukd4200-42100,Blackpool South,Blackpool,53.79063629,-3.059104944,United Utilities Water Limited
ukd4200-42300,Blackpool Central,Blackpool,53.8026523,-3.056219151,United Utilities Water Limited
ukd4200-42500,Blackpool North,Blackpool,53.81612266,-3.056588326,United Utilities Water Limited
ukd4200-42600,Bispham,Blackpool,53.84890019,-3.054890542,United Utilities Water Limited
ukd4303-41800,St Annes,Fylde,53.7491,-3.0404,United Utilities Water Limited
ukd4303-41900,St Annes North,Fylde,53.7597173,-3.050878218,United Utilities Water Limited
ukd4305-43260,Morecambe South,Lancaster,54.07282628,-2.876467624,United Utilities Water Limited
ukd4305-43550,Morecambe North,Lancaster,54.07745174,-2.860746045,United Utilities Water Limited
ukd4312-42800,Cleveleys,Wyre,53.88131763,-3.048100349,United Utilities Water Limited
ukd4312-43000,Fleetwood,Wyre,53.92659085,-3.019994651,United Utilities Water Limited
ukd5300-41200,Formby,Sefton,53.54821805,-3.106258875,United Utilities Water Limited
ukd5300-41300,Ainsdale,Sefton,53.60792741,-3.063987798,United Utilities Water Limited
ukd5300-41500,Southport,Sefton,53.65319124,-3.027301399,United Utilities Water Limited
ukd5400-40750,West Kirby,Wirral,53.37047893,-3.193165766,United Utilities Water Limited
ukd5400-40800,Meols,Wirral,53.40658428,-3.159742787,United Utilities Water Limited
ukd5400-40900,Moreton,Wirral,53.41775605,-3.11942028,United Utilities Water Limited
ukd5400-41000,Wallasey,Wirral,53.43357853,-3.077282921,United Utilities Water Limited
uke1200-07900,Flamborough South Landing,East Riding of Yorkshire,54.10424081,-0.118418582,Yorkshire Water Services Limited
uke1200-07950,"Danes Dyke, Flamborough",East Riding of Yorkshire,54.10403879,-0.141861016,Yorkshire Water Services Limited
uke1200-08000,Bridlington North Beach,East Riding of Yorkshire,54.08675644,-0.182691651,Yorkshire Water Services Limited
uke1200-08100,Bridlington South Beach,East Riding of Yorkshire,54.07720861,-0.198744945,Yorkshire Water Services Limited
uke1200-08200,Wilsthorpe,East Riding of Yorkshire,54.06621993,-0.207488045,Yorkshire Water Services Limited
uke1200-08300,Fraisthorpe,East Riding of Yorkshire,54.04855538,-0.214023771,Yorkshire Water Services Limited
uke1200-08600,Skipsea,East Riding of Yorkshire,53.96194028,-0.190183487,Yorkshire Water Services Limited
uke1200-08700,Hornsea,East Riding of Yorkshire,53.91409844,-0.160491171,Yorkshire Water Services Limited
uke1200-08800,Tunstall,East Riding of Yorkshire,53.7589043,0.000169098,Yorkshire Water Services Limited
uke1200-08900,Withernsea,East Riding of Yorkshire,53.7308197,0.036007805,Yorkshire Water Services Limited
uke1301-09000,Cleethorpes,North East Lincolnshire,53.55682662,-0.022225057,Anglian Water Services Limited
uke1301-09020,Humberston Fitties,North East Lincolnshire,53.53519013,0.008380462,Anglian Water Services Limited
uke2206-06800,Staithes,Scarborough,54.55863296,-0.789035906,Yorkshire Water Services Limited
uke2206-06900,Runswick Bay,Scarborough,54.53180833,-0.74870691,Yorkshire Water Services Limited
uke2206-07000,Sandsend,Scarborough,54.50137912,-0.667358439,Yorkshire Water Services Limited
uke2206-07100,Whitby,Scarborough,54.49169671,-0.624582898,Yorkshire Water Services Limited
uke2206-07200,Robin Hoods Bay,Scarborough,54.43015375,-0.531866861,Yorkshire Water Services Limited
uke2206-07300,Scarborough North Bay,Scarborough,54.29336479,-0.407208403,Yorkshire Water Services Limited
uke2206-07400,Scarborough South Bay,Scarborough,54.28203356,-0.395233782,Yorkshire Water Services Limited
uke2206-07500,Cayton Bay,Scarborough,54.24478304,-0.362946553,Yorkshire Water Services Limited
uke2206-07600,Filey,Scarborough,54.20823726,-0.284226457,Yorkshire Water Services Limited
uke2206-07700,Reighton,Scarborough,54.16911791,-0.249814209,Yorkshire Water Services Limited
uke4100-08901,"Wharfe at Cromwheel, Ilkley",Bradford,53.9319,-1.8162,Yorkshire Water Services Limited
ukf1400-09750,Colwick Country Park (West Lake),City of Nottingham,52.94514355,-1.098157379,Severn Trent Water Limited
ukf3102-09100,Mablethorpe Town,East Lindsey,53.34413376,0.264365937,Anglian Water Services Limited
ukf3102-09200,Sutton-on-Sea,East Lindsey,53.31458807,0.283819713,Anglian Water Services Limited
ukf3102-09300,Moggs Eye,Lincolnshire,53.27300288,0.318438394,Anglian Water Services Limited
ukf3102-09400,Anderby,Lincolnshire,53.25977424,0.325519541,Anglian Water Services Limited
ukf3102-09500,Chapel St Leonards,Chapel St. Leonards,53.2236447,0.339965692,Anglian Water Services Limited
ukf3102-09600,Ingoldmells South,East Lindsey,53.19393,0.35387,Anglian Water Services Limited
ukf3102-09700,Skegness,East Lindsey,53.14414641,0.349547789,Anglian Water Services Limited
ukh1303-10325,Hemsby,Great Yarmouth,52.69526817,1.71007377,Anglian Water Services Limited
ukh1303-10350,Caister Point,Great Yarmouth,52.64623297,1.737401191,Anglian Water Services Limited
ukh1303-10400,Great Yarmouth North,Great Yarmouth,52.63225858,1.742698731,Anglian Water Services Limited
ukh1303-10500,Great Yarmouth Pier,Great Yarmouth,52.60528559,1.739494757,Anglian Water Services Limited
ukh1303-10600,Great Yarmouth South,Great Yarmouth,52.59631497,1.738729916,Anglian Water Services Limited
ukh1303-10650,Gorleston Beach,Great Yarmouth,52.56979184,1.733474174,Anglian Water Services Limited
ukh1304-09800,Heacham,King's Lynn and West Norfolk,52.90920424,0.471498093,Anglian Water Services Limited
ukh1304-09850,Hunstanton Main Beach,King's Lynn and West Norfolk,52.93682174,0.483787391,Anglian Water Services Limited
ukh1304-09900,Hunstanton (Old Hunstanton),King's Lynn and West Norfolk,52.95364208,0.496364281,Anglian Water Services Limited
ukh1305-10000,Wells,North Norfolk,52.97358259,0.849053395,Anglian Water Services Limited
ukh1305-10100,Sheringham,North Norfolk,52.94593705,1.208480533,Anglian Water Services Limited
ukh1305-10125,West Runton,North Norfolk,52.94168221,1.252766632,Anglian Water Services Limited
ukh1305-10150,East Runton,North Norfolk,52.93706193,1.275953324,Anglian Water Services Limited
ukh1305-10200,Cromer,North Norfolk,52.93251242,1.302162611,Anglian Water Services Limited
ukh1305-10300,Mundesley,North Norfolk,52.87694295,1.441741183,Anglian Water Services Limited
ukh1305-10310,Sea Palling,North Norfolk,52.79063975,1.603903982,Anglian Water Services Limited
ukh1406-10900,Felixstowe North,East Suffolk,51.96034059,1.354985829,Anglian Water Services Limited
ukh1406-11000,Felixstowe South,East Suffolk,51.95433041,1.341464361,Anglian Water Services Limited
ukh1407-10750,Lowestoft (North of Claremont Pier),East Suffolk,52.46830669,1.748744599,Anglian Water Services Limited
ukh1407-10800,Lowestoft (South of Claremont Pier),East Suffolk,52.46388699,1.745158209,Anglian Water Services Limited
ukh1407-10830,Southwold The Pier,East Suffolk,52.33079656,1.686909613,Anglian Water Services Limited
ukh1407-10850,Southwold The Denes,East Suffolk,52.31936197,1.678618832,Anglian Water Services Limited
ukh3100-11770,Shoebury East,Southend-on-Sea,51.53173297,0.8037999,Anglian Water Services Limited
ukh3100-11780,Shoeburyness,Southend-on-Sea,51.52299498,0.774140049,Anglian Water Services Limited
ukh3100-11800,Southend Thorpe Bay,Southend-on-Sea,51.52887567,0.75359005,Anglian Water Services Limited
ukh3100-11830,Southend Jubilee,Southend-on-Sea,51.52778563,0.723245133,Anglian Water Services Limited
ukh3100-11850,Southend Three Shells,Southend-on-Sea,51.53299233,0.712019813,Anglian Water Services Limited
ukh3100-11900,Southend Westcliff Bay,Southend-on-Sea,51.53536879,0.686924508,Anglian Water Services Limited
ukh3100-11902,Southend Chalkwell,Southend-on-Sea,51.53739784,0.672910968,Anglian Water Services Limited
ukh3100-11904,Leigh Bell Wharf,Southend-on-Sea,51.53902984,0.652527405,Anglian Water Services Limited
ukh3306-11750,West Mersea,Colchester,51.77039909,0.930194911,Anglian Water Services Limited
ukh3311-11100,Dovercourt,Tendring,51.92871452,1.273653637,Anglian Water Services Limited
ukh3311-11250,Walton,Tendring,51.84705731,1.273239241,Anglian Water Services Limited
ukh3311-11300,Frinton,Tendring,51.82778896,1.248309418,Anglian Water Services Limited
ukh3311-11350,Holland,Tendring,51.81320121,1.225798547,Anglian Water Services Limited
ukh3311-11500,Clacton,Tendring,51.79309928,1.171275828,Anglian Water Services Limited
ukh3311-11550,Clacton (Groyne 41),Tendring,51.785,1.1535,Anglian Water Services Limited
ukh3311-11600,Jaywick,Tendring,51.77262974,1.112718024,Anglian Water Services Limited
ukh3311-11650,Clacton Beach Martello Tower,Tendring,51.77999703,1.140050759,Anglian Water Services Limited
ukh3311-11700,Brightlingsea,Tendring,51.80571144,1.010494962,Anglian Water Services Limited
uki1101-11910,Hampstead Heath (Ladies Pond),City and County of the City of London,51.56673133,-0.160132016,Thames Water Utilities Limited
uki1101-11920,Hampstead Heath (Mens Pond),City and County of the City of London,51.56334967,-0.156661552,Thames Water Utilities Limited
uki1101-11930,Hampstead Heath (Mixed Pond),City and County of the City of London,51.56071288,-0.166289997,Thames Water Utilities Limited
uki1106-11940,The Serpentine - Hyde Park,City of Westminster,51.50491379,-0.169107215,Thames Water Utilities Limited
ukj1402-11946,Wolvercote Mill Stream,Oxford,51.78082,-1.29596,
ukj2100-14800,Saltdean,The City of Brighton and Hove,50.79932437,-0.041711811,Southern Water Services Limited
ukj2100-14900,Brighton Kemptown,The City of Brighton and Hove,50.8159632,-0.122161895,Southern Water Services Limited
ukj2100-14950,Brighton Central,The City of Brighton and Hove,50.82027276,-0.145883429,Southern Water Services Limited
ukj2100-15000,Hove,The City of Brighton and Hove,50.82322818,-0.166723154,Southern Water Services Limited
ukj2201-14400,Pevensey Bay,Wealden,50.80998983,0.350328721,Southern Water Services Limited
ukj2201-14500,Eastbourne,Eastbourne,50.76096183,0.287079794,Southern Water Services Limited
ukj2201-14550,Birling Gap,Wealden,50.74259534,0.20066902,Southern Water Services Limited
ukj2202-14100,Hastings Pelham Beach,Hastings,50.85354813,0.585766467,Southern Water Services Limited
ukj2202-14150,St Leonards,Hastings,50.84991654,0.55142669,Southern Water Services Limited
ukj2203-14600,Seaford,Lewes,50.77131708,0.094976507,Southern Water Services Limited
ukj2204-13900,Camber,Rother,50.93321366,0.796331259,Southern Water Services Limited
ukj2204-14000,Winchelsea,Rother,50.9064145,0.718105662,Southern Water Services Limited
ukj2205-14200,Bexhill,Rother,50.83653388,0.470332162,Southern Water Services Limited
ukj2205-14300,Norman`s Bay,Rother,50.82282416,0.38665585,Southern Water Services Limited
ukj2310-11945,Frensham Great Pond,Waverley,51.15732271,-0.79183358,Thames Water Utilities Limited
ukj2401-15100,Southwick,Adur,50.82875111,-0.235618078,Southern Water Services Limited
ukj2401-15200,Shoreham Beach,Adur,50.82658667,-0.27132841,Southern Water Services Limited
ukj2401-15300,"Lancing, Beach Green",Adur,50.81988034,-0.321958812,Southern Water Services Limited
ukj2402-15500,Littlehampton,Arun,50.8022939,-0.538868986,Southern Water Services Limited
ukj2402-15600,Middleton-on-sea,Arun,50.7902,-0.6039,Southern Water Services Limited
ukj2402-15650,Felpham,Arun,50.78630588,-0.65257607,Southern Water Services Limited
ukj2402-15680,Bognor Regis East,Arun,50.78236249,-0.669428029,Southern Water Services Limited
ukj2402-15700,Bognor Regis (Aldwick),Arun,50.77925616,-0.691360026,Southern Water Services Limited
ukj2402-15800,Pagham,Arun,50.76755023,-0.736497733,Southern Water Services Limited
ukj2403-15900,Selsey,Chichester,50.73631025,-0.77032903,Southern Water Services Limited
ukj2403-16000,Bracklesham Bay,Chichester,50.76101317,-0.860567028,Southern Water Services Limited
ukj2403-16100,West Wittering,Chichester,50.77651459,-0.912129642,Southern Water Services Limited
ukj2407-15400,Worthing,Worthing,50.80727818,-0.384860538,Southern Water Services Limited
ukj3100-16500,Eastney,City of Portsmouth,50.78463945,-1.045144414,Southern Water Services Limited
ukj3100-16600,Southsea East,City of Portsmouth,50.77866452,-1.079437834,Southern Water Services Limited
ukj3304-16850,Hillhead,Fareham,50.81345688,-1.225391921,Southern Water Services Limited
ukj3305-16700,Stokes Bay,Gosport,50.7775935,-1.150386997,Southern Water Services Limited
ukj3305-16800,Lee-on-Solent,Gosport,50.8009769,-1.204284188,Southern Water Services Limited
ukj3307-16300,Eastoke,Havant,50.7806136,-0.96735398,Southern Water Services Limited
ukj3307-16350,Beachlands Central,Havant,50.78359334,-0.989275631,Southern Water Services Limited
ukj3307-16400,Beachlands West,Havant,50.78360723,-1.001332856,Southern Water Services Limited
ukj3308-16900,Calshot,New Forest,50.80932353,-1.318168307,Southern Water Services Limited
ukj3308-17000,Lepe,Hampshire,50.78429687,-1.354534448,Southern Water Services Limited
ukj3308-17100,Milford-on-sea,New Forest,50.725,-1.6106,Southern Water Services Limited
ukj3400-17400,Compton Bay,Isle of Wight,50.65608555,-1.468319236,Southern Water Services Limited
ukj3400-17500,Totland Bay,Isle of Wight,50.68083707,-1.545688567,Southern Water Services Limited
ukj3400-17600,Colwell Bay,Isle of Wight,50.68947777,-1.538470268,Southern Water Services Limited
ukj3400-17700,Gurnard,Isle of Wight,50.76074922,-1.325084135,Southern Water Services Limited
ukj3400-17800,Cowes,Isle of Wight,50.76785154,-1.309383644,Southern Water Services Limited
ukj3400-17850,East Cowes,Isle of Wight,50.76477,-1.28329,Southern Water Services Limited
ukj3400-17900,Ryde,Isle of Wight,50.73082671,-1.149815998,Southern Water Services Limited
ukj3400-18000,Seagrove,Isle of Wight,50.71632406,-1.106875379,Southern Water Services Limited
ukj3400-18100,St Helens,Isle of Wight,50.69860767,-1.098645256,Southern Water Services Limited
ukj3400-18200,Bembridge,Isle of Wight,50.68622183,-1.069693125,Southern Water Services Limited
ukj3400-18300,Whitecliff Bay,Isle of Wight,50.67195468,-1.0942733,Southern Water Services Limited
ukj3400-18350,Yaverland,Isle of Wight,50.661819,-1.133235104,Southern Water Services Limited
ukj3400-18400,Sandown,Isle of Wight,50.65496852,-1.150633919,Southern Water Services Limited
ukj3400-18500,Shanklin,Isle of Wight,50.62700956,-1.17317872,Southern Water Services Limited
ukj3400-18600,Ventnor,Isle of Wight,50.59312726,-1.209967684,Southern Water Services Limited
ukj4202-12100,"West Beach, Whitstable",Canterbury,51.35433497,1.011721531,Southern Water Services Limited
ukj4202-12120,Tankerton,Canterbury,51.36544329,1.045785165,Southern Water Services Limited
ukj4202-12150,Herne Bay Central,Canterbury,51.37204661,1.11850745,Southern Water Services Limited
ukj4202-12200,Herne Bay,Canterbury,51.37436373,1.13950355,Southern Water Services Limited
ukj4204-13000,Sandwich Bay,Dover,51.28260152,1.379623587,Southern Water Services Limited
ukj4204-13100,Deal Castle,Dover,51.22486582,1.404885309,Southern Water Services Limited
ukj4204-13200,St Margaret`s Bay,Dover,51.15062708,1.385697567,Southern Water Services Limited
ukj4208-13300,Folkestone,Shepway,51.08197047,1.191271165,Southern Water Services Limited
ukj4208-13400,Sandgate,Shepway,51.07081526,1.121759226,Southern Water Services Limited
ukj4208-13500,Hythe,Shepway,51.06469169,1.081376963,Southern Water Services Limited
ukj4208-13600,Dymchurch,Shepway,51.02462308,0.996565672,Southern Water Services Limited
ukj4208-13700,St Mary's Bay (Kent),Shepway,51.01059777,0.982258544,Southern Water Services Limited
ukj4208-13800,Littlestone,Shepway,50.97679965,0.967268605,Southern Water Services Limited
ukj4209-11950,Sheerness,Swale,51.44325944,0.760205649,Southern Water Services Limited
ukj4209-11975,Minster Leas,Swale,51.43294443,0.805284293,Southern Water Services Limited
ukj4209-12000,Leysdown,Swale,51.40015511,0.921786155,Southern Water Services Limited
ukj4210-12300,"Minnis Bay, Birchington",Thanet,51.38030383,1.283645527,Southern Water Services Limited
ukj4210-12350,"West Bay, Westgate",Thanet,51.38320256,1.332267285,Southern Water Services Limited
ukj4210-12400,"St Mildred's Bay, Westgate",Thanet,51.38489229,1.342726013,Southern Water Services Limited
ukj4210-12450,"Westbrook Bay, Margate",Thanet,51.38614289,1.363130237,Southern Water Services Limited
ukj4210-12500,Margate The Bay,Thanet,51.38770455,1.37575226,Southern Water Services Limited
ukj4210-12600,Margate Fulsam Rock,Thanet,51.39268326,1.386499916,Southern Water Services Limited
ukj4210-12630,"Walpole Bay, Margate",Thanet,51.39225537,1.399092054,Southern Water Services Limited
ukj4210-12660,"Botany Bay, Broadstairs",Thanet,51.38944566,1.4352576,Southern Water Services Limited
ukj4210-12700,"Joss Bay, Broadstairs",Thanet,51.37922307,1.446105633,Southern Water Services Limited
ukj4210-12750,"Broadstairs, Stone Bay",Thanet,51.36543951,1.445285432,Southern Water Services Limited
ukj4210-12800,"Broadstairs, Viking Bay",Thanet,51.35773664,1.442939769,Southern Water Services Limited
ukj4210-12850,Ramsgate Sands,Thanet,51.33223453,1.424873284,Southern Water Services Limited
ukj4210-12900,Ramsgate Western Undercliffe,Thanet,51.32660788,1.406234234,Southern Water Services Limited
ukk1100-36050,Henleaze Lake,City of Bristol,51.49462419,-2.605704691,Wessex Water Services Limited
ukk1202-35700,Weston-super-Mare Uphill Slipway,North Somerset,51.32472047,-2.99031891,Wessex Water Services Limited
ukk1202-35800,Weston Main,North Somerset,51.34126129,-2.983382211,Wessex Water Services Limited
ukk1202-35900,Weston-super-Mare Sand Bay,North Somerset,51.36448756,-2.966097066,Wessex Water Services Limited
ukk1202-36000,Clevedon Beach,North Somerset,51.44224,-2.86146,Wessex Water Services Limited
ukk1302-11760,Cotswold Country Park and Beach,Cotswold,51.66098532,-1.96093036,Thames Water Utilities Limited
ukk2101-19000,Bournemouth Hengistbury West,"Bournemouth, Christchurch and Poole",50.71684737,-1.77109905,Wessex Water Services Limited
ukk2101-19020,Bournemouth Southbourne,"Bournemouth, Christchurch and Poole",50.71899027,-1.791727608,Wessex Water Services Limited
ukk2101-19030,Bournemouth Fisherman`s Walk,"Bournemouth, Christchurch and Poole",50.72072304,-1.816878602,Wessex Water Services Limited
ukk2101-19050,Bournemouth Manor Steps,"Bournemouth, Christchurch and Poole",50.72026046,-1.83228185,Wessex Water Services Limited
ukk2101-19060,Bournemouth Boscombe Pier,"Bournemouth, Christchurch and Poole",50.71946751,-1.844038808,Wessex Water Services Limited
ukk2101-19100,Bournemouth Pier,"Bournemouth, Christchurch and Poole",50.71548593,-1.875879236,Wessex Water Services Limited
ukk2101-19150,Bournemouth Durley Chine,"Bournemouth, Christchurch and Poole",50.71307087,-1.888760306,Wessex Water Services Limited
ukk2101-19160,Bournemouth Alum Chine,"Bournemouth, Christchurch and Poole",50.7111346,-1.89542149,Wessex Water Services Limited
ukk2102-19170,Poole Branksome Chine,"Bournemouth, Christchurch and Poole",50.70591295,-1.909962704,Wessex Water Services Limited
ukk2102-19190,Poole Canford Cliffs Chine,"Bournemouth, Christchurch and Poole",50.70047102,-1.920522136,Wessex Water Services Limited
ukk2102-19200,Poole Shore Road Beach,"Bournemouth, Christchurch and Poole",50.69466741,-1.929380684,Wessex Water Services Limited
ukk2102-19350,Poole Sandbanks Peninsular,"Bournemouth, Christchurch and Poole",50.6887008,-1.937387882,Wessex Water Services Limited
ukk2102-19400,Poole Harbour Lake,"Bournemouth, Christchurch and Poole",50.71384921,-2.025269431,Wessex Water Services Limited
ukk2102-19450,Poole Harbour Rockley Sands,"Bournemouth, Christchurch and Poole",50.71933053,-2.040146169,Wessex Water Services Limited
ukk2201-17200,Christchurch Bay,New Forest,50.7343361,-1.662712354,Southern Water Services Limited
ukk2201-17300,Highcliffe,"Bournemouth, Christchurch and Poole",50.7369969,-1.698488827,Southern Water Services Limited
ukk2201-18700,Christchurch Highcliffe Castle,"Bournemouth, Christchurch and Poole",50.73565217,-1.714453362,Wessex Water Services Limited
ukk2201-18750,Christchurch Friar`s Cliff,"Bournemouth, Christchurch and Poole",50.73206374,-1.729409648,Wessex Water Services Limited
ukk2201-18800,Christchurch Avon Beach,"Bournemouth, Christchurch and Poole",50.72926781,-1.733662117,Wessex Water Services Limited
ukk2201-18900,Christchurch Mudeford Sandbank East,"Bournemouth, Christchurch and Poole",50.71925102,-1.742147286,Wessex Water Services Limited
ukk2204-19600,Shell Bay North,Dorset,50.67845463,-1.948808899,Wessex Water Services Limited
ukk2204-19700,Studland Knoll House,Dorset,50.65209856,-1.952854612,Wessex Water Services Limited
ukk2204-19800,Swanage Central,Swanage,50.61344026,-1.957528826,Wessex Water Services Limited
ukk2204-19900,Kimmeridge Bay,Dorset,50.61149388,-2.131423876,Wessex Water Services Limited
ukk2204-20000,Lulworth Cove,Dorset,50.61893578,-2.249347333,Wessex Water Services Limited
ukk2204-20100,Durdle Door East,Dorset,50.62200948,-2.274158591,Wessex Water Services Limited
ukk2204-20200,Durdle Door West,Dorset,50.62194849,-2.277126845,Wessex Water Services Limited
ukk2205-20970,Hive,Dorset,50.69626499,-2.72323665,Wessex Water Services Limited
ukk2205-21000,West Bay (West),Dorset,50.7109882,-2.766547734,Wessex Water Services Limited
ukk2205-21100,Eypemouth,Dorset,50.71610894,-2.784889676,Wessex Water Services Limited
ukk2205-21200,Seatown,Dorset,50.72211014,-2.824826426,Wessex Water Services Limited
ukk2205-21300,Charmouth West,Dorset,50.73356001,-2.904564296,Wessex Water Services Limited
ukk2205-21400,Lyme Regis Church Cliff Beach,Dorset,50.7250478,-2.930326956,South West Water Limited
ukk2205-21500,Lyme Regis Front Beach,Dorset,50.72250599,-2.937785012,South West Water Limited
ukk2206-20300,Ringstead Bay,Dorset,50.63105565,-2.351367651,Wessex Water Services Limited
ukk2206-20400,Bowleaze Cove,Dorset,50.63620687,-2.422250206,Wessex Water Services Limited
ukk2206-20500,Church Ope Cove,Dorset,50.53799179,-2.428088941,Wessex Water Services Limited
ukk2206-20600,Weymouth Lodmoor,Dorset,50.62589003,-2.442176376,Wessex Water Services Limited
ukk2206-20700,Weymouth Central,Dorset,50.61446637,-2.452245703,Wessex Water Services Limited
ukk2206-20800,Portland Harbour Castle Cove,Dorset,50.59632546,-2.459701174,Wessex Water Services Limited
ukk2206-20900,Portland Harbour Sandsfoot Castle,Dorset,50.59425076,-2.463566151,Wessex Water Services Limited
ukk2302-35300,Burnham Jetty North,Sedgemoor,51.2357,-2.9994,Wessex Water Services Limited
ukk2302-35500,Berrow North of Unity Farm,Sedgemoor,51.28174586,-3.017755193,Wessex Water Services Limited
ukk2302-35600,Brean,Sedgemoor,51.32123798,-3.011654923,Wessex Water Services Limited
ukk2305-34900,Porlock Weir,Somerset West and Taunton,51.21901929,-3.626264958,Wessex Water Services Limited
ukk2305-35000,Minehead Terminus,Somerset West and Taunton,51.20758144,-3.467056137,Wessex Water Services Limited
ukk2305-35100,Dunster Beach,Somerset West and Taunton,51.1922413,-3.426872624,Wessex Water Services Limited
ukk2305-35200,Blue Anchor West,Somerset West and Taunton,51.18241849,-3.401198912,Wessex Water Services Limited
ukk3101-26520,Kingsand,Cornwall,50.33361289,-4.199375823,South West Water Limited
ukk3101-26530,Cawsand,Cornwall,50.33087703,-4.201357187,South West Water Limited
ukk3101-26560,Tregonhawke,Cornwall,50.3408694,-4.242848418,South West Water Limited
ukk3101-26570,Sharrow,Cornwall,50.3476,-4.2596,South West Water Limited
ukk3101-26600,Portwrinkle,Cornwall,50.36146499,-4.30766544,South West Water Limited
ukk3101-26700,Downderry,Cornwall,50.36100434,-4.370775756,South West Water Limited
ukk3101-26800,Seaton (Cornwall),Cornwall,50.36437217,-4.386411624,South West Water Limited
ukk3101-26900,Millendreath,Cornwall,50.36108838,-4.436303617,South West Water Limited
ukk3101-27000,East Looe,Cornwall,50.35258417,-4.45147295,South West Water Limited
ukk3102-28500,Pendower,Cornwall,50.20567006,-4.94779757,South West Water Limited
ukk3102-28550,Porthcurnick,Cornwall,50.18614883,-4.97251413,South West Water Limited
ukk3102-28600,Gyllyngvase,Cornwall,50.1446386,-5.067367724,South West Water Limited
ukk3102-28700,Swanpool,Cornwall,50.14063735,-5.075790012,South West Water Limited
ukk3102-28800,Maenporth,Cornwall,50.12496244,-5.093534814,South West Water Limited
ukk3102-31600,Porthtowan,Cornwall,50.28752162,-5.242416228,South West Water Limited
ukk3102-31650,Chapel Porth,Cornwall,50.3004,-5.2348,South West Water Limited
ukk3102-31700,Trevaunance Cove,Cornwall,50.32040283,-5.201196356,South West Water Limited
ukk3102-31800,Perranporth,Perranzabuloe,50.3493722,-5.155063576,South West Water Limited
ukk3102-31900,Perranporth Penhale Sands,Cornwall,50.35936787,-5.151367607,South West Water Limited
ukk3102-32000,Holywell Bay,Cornwall,50.39191135,-5.145505786,South West Water Limited
ukk3103-28900,Porthallow,Cornwall,50.06857734,-5.079280414,South West Water Limited
ukk3103-29000,Porthoustock,Cornwall,50.05557296,-5.064195115,South West Water Limited
ukk3103-29100,Coverack,Cornwall,50.02438167,-5.097117317,South West Water Limited
ukk3103-29200,Kennack Sands,Cornwall,50.00513456,-5.163575925,South West Water Limited
ukk3103-29400,Polurrian Cove,Cornwall,50.02334991,-5.256234857,South West Water Limited
ukk3103-29500,Poldhu Cove,Cornwall,50.0335545,-5.261255341,South West Water Limited
ukk3103-29501,Church Cove,Cornwall,50.03858573,-5.267882204,South West Water Limited
ukk3103-29800,Porthleven Sands,Cornwall,50.0810655,-5.314811298,South West Water Limited
ukk3103-29900,Praa Sands East,Cornwall,50.09928267,-5.378727095,South West Water Limited
ukk3103-30000,Praa Sands West,Cornwall,50.10324578,-5.390895401,South West Water Limited
ukk3103-31500,Portreath,Cornwall,50.26123294,-5.293633127,South West Water Limited
ukk3104-32550,Porthcothan,Cornwall,50.50903186,-5.023510468,South West Water Limited
ukk3104-32600,Treyarnon Bay,Cornwall,50.52614597,-5.022629485,South West Water Limited
ukk3104-32700,Constantine Bay,Cornwall,50.5332515,-5.022660559,South West Water Limited
ukk3104-32750,Booby's Bay,Cornwall,50.53904519,-5.025815465,South West Water Limited
ukk3104-32800,Mother Ivey`s Bay,Cornwall,50.54414305,-5.015452105,South West Water Limited
ukk3104-32900,Harlyn Bay,Cornwall,50.54029491,-4.99727978,South West Water Limited
ukk3104-33000,Trevone Bay,Cornwall,50.54575182,-4.977438588,South West Water Limited
ukk3104-33100,Rock,Cornwall,50.54507058,-4.926292813,South West Water Limited
ukk3104-33200,Daymer Bay,Cornwall,50.5613478,-4.926454333,South West Water Limited
ukk3104-33300,Polzeath,Cornwall,50.57482279,-4.916413197,South West Water Limited
ukk3104-33350,Trebarwith Strand,Cornwall,50.64498148,-4.761609732,South West Water Limited
ukk3104-33360,Crackington Haven,St. Gennys,50.74193646,-4.633780919,South West Water Limited
ukk3104-33400,Widemouth Sand,Cornwall,50.79310223,-4.557615492,South West Water Limited
ukk3104-33500,Summerleaze,Cornwall,50.83118072,-4.552028256,South West Water Limited
ukk3104-33600,Crooklets,Cornwall,50.8358149,-4.553985604,South West Water Limited
ukk3104-33650,Northcott Mouth,Cornwall,50.84797546,-4.556912181,South West Water Limited
ukk3104-33700,Sandymouth,Cornwall,50.86093766,-4.556779938,South West Water Limited
ukk3105-30100,Perranuthnoe,Cornwall,50.11225254,-5.442455808,South West Water Limited
ukk3105-30200,Marazion,Cornwall,50.12650503,-5.480736172,South West Water Limited
ukk3105-30300,Long Rock,Cornwall,50.12635745,-5.518058309,South West Water Limited
ukk3105-30400,Penzance,Cornwall,50.11467031,-5.535528967,South West Water Limited
ukk3105-30500,Wherry Town,Cornwall,50.10892699,-5.544846226,South West Water Limited
ukk3105-30600,Porthcurno,Cornwall,50.04291479,-5.650392859,South West Water Limited
ukk3105-30700,Sennen,Cornwall,50.07875656,-5.69757685,South West Water Limited
ukk3105-30750,Gwynver,Cornwall,50.08931061,-5.688870996,South West Water Limited
ukk3105-30800,Porthmeor,Cornwall,50.21530002,-5.483383054,South West Water Limited
ukk3105-30900,Porthgwidden,Cornwall,50.2172112,-5.476652139,South West Water Limited
ukk3105-31000,Porthminster,Cornwall,50.20867477,-5.476311469,South West Water Limited
ukk3105-31100,Carbis Bay,Cornwall,50.19875898,-5.464938627,South West Water Limited
ukk3105-31200,Porthkidney Sands,Cornwall,50.19412162,-5.439377238,South West Water Limited
ukk3105-31250,Mexico Towans,Cornwall,50.20105427,-5.423747491,South West Water Limited
ukk3105-31300,Hayle Towans,Cornwall,50.20476829,-5.41701498,South West Water Limited
ukk3105-31350,Upton Towans,Cornwall,50.21519014,-5.402860765,South West Water Limited
ukk3105-31400,Gwithian Towans,Cornwall,50.22799616,-5.391890886,South West Water Limited
ukk3105-31450,Godrevy Towans,Cornwall,50.23274436,-5.392021708,South West Water Limited
ukk3106-27100,Readymoney Cove,Cornwall,50.32953667,-4.645184998,South West Water Limited
ukk3106-27200,Polkerris,Cornwall,50.3378795,-4.681487703,South West Water Limited
ukk3106-27300,Par Sands,Cornwall,50.34697222,-4.692824227,South West Water Limited
ukk3106-27400,Shorthorn Beach,Cornwall,50.33763518,-4.722934844,South West Water Limited
ukk3106-27500,Crinnis Beach,Cornwall,50.33612048,-4.733810427,South West Water Limited
ukk3106-27600,Charlestown,Cornwall,50.33120498,-4.755309868,South West Water Limited
ukk3106-27700,Duporth,Cornwall,50.32745191,-4.761837457,South West Water Limited
ukk3106-27800,Porthpean,Cornwall,50.32358232,-4.765687659,South West Water Limited
ukk3106-27900,Pentewan,Cornwall,50.28755839,-4.782551303,South West Water Limited
ukk3106-28000,Polstreath,Cornwall,50.27438649,-4.784168971,South West Water Limited
ukk3106-28100,Portmellon,Cornwall,50.26185008,-4.785542345,South West Water Limited
ukk3106-28200,Gorran Haven Little Perhaver,St. Goran,50.24084294,-4.787542868,South West Water Limited
ukk3106-28300,Vault Beach,Cornwall,50.23490423,-4.787617015,South West Water Limited
ukk3106-28400,Porthluney,Cornwall,50.23679312,-4.843266514,South West Water Limited
ukk3106-32100,Crantock,Cornwall,50.40683393,-5.119187061,South West Water Limited
ukk3106-32150,Fistral South,Cornwall,50.41416381,-5.101497644,South West Water Limited
ukk3106-32200,Fistral North,Cornwall,50.41773218,-5.09850303,South West Water Limited
ukk3106-32300,Towan,Cornwall,50.41829308,-5.084178721,South West Water Limited
ukk3106-32310,Great Western,Cornwall,50.41597606,-5.076566444,South West Water Limited
ukk3106-32320,Tolcarne,Cornwall,50.41767802,-5.073438598,South West Water Limited
ukk3106-32330,Lusty Glaze,Cornwall,50.42176963,-5.064973855,South West Water Limited
ukk3106-32340,Porth,Cornwall,50.42467842,-5.056994712,South West Water Limited
ukk3106-32400,Watergate Bay,Cornwall,50.44376703,-5.042589133,South West Water Limited
ukk3106-32500,Mawgan Porth,Cornwall,50.4674853,-5.033401124,South West Water Limited
ukk4100-26400,Plymouth Hoe East,City of Plymouth,50.3639371,-4.140876729,South West Water Limited
ukk4100-26500,Plymouth Hoe West,City of Plymouth,50.36403135,-4.145521192,South West Water Limited
ukk4200-23100,Maidencombe,Torbay,50.50645623,-3.513384658,South West Water Limited
ukk4200-23200,Watcombe,Torbay,50.49563904,-3.515294772,South West Water Limited
ukk4200-23300,Oddicombe,Torbay,50.48246868,-3.514887512,South West Water Limited
ukk4200-23400,Babbacombe,Torbay,50.47907733,-3.509409069,South West Water Limited
ukk4200-23501,Anstey's Cove (Torquay),Torbay,50.47184615,-3.501089731,South West Water Limited
ukk4200-23600,Meadfoot,Torbay,50.45710033,-3.50920608,South West Water Limited
ukk4200-23700,Beacon Cove,Torbay,50.45748857,-3.523514104,South West Water Limited
ukk4200-23800,Torre Abbey,Torbay,50.46245994,-3.535988151,South West Water Limited
ukk4200-23900,Hollicombe,Torbay,50.44881754,-3.553519384,South West Water Limited
ukk4200-24000,Paignton Preston Sands,Torbay,50.4444648,-3.556193665,South West Water Limited
ukk4200-24100,Paignton Paignton Sands,Torbay,50.43507585,-3.558842813,South West Water Limited
ukk4200-24200,Goodrington,Torbay,50.42355515,-3.559492136,South West Water Limited
ukk4200-24300,Broadsands,Torbay,50.40602328,-3.554342761,South West Water Limited
ukk4200-24500,Breakwater Beach (Shoalstone),Torbay,50.40008631,-3.504505857,South West Water Limited
ukk4200-24600,St Mary's Bay (Devon),Torbay,50.38525814,-3.503614468,South West Water Limited
ukk4301-21600,Seaton (Devon),East Devon,50.70337645,-3.070517581,South West Water Limited
ukk4301-21700,Beer,East Devon,50.69655106,-3.089887555,South West Water Limited
ukk4301-21800,Sidmouth Town,East Devon,50.67619627,-3.243022553,South West Water Limited
ukk4301-21900,Sidmouth Jacobs Ladder,East Devon,50.67527087,-3.247919891,South West Water Limited
ukk4301-22000,Ladram Bay,East Devon,50.65860514,-3.279551258,South West Water Limited
ukk4301-22100,Budleigh Salterton,East Devon,50.62934134,-3.318247039,South West Water Limited
ukk4301-22200,Sandy Bay,East Devon,50.60988142,-3.368017632,South West Water Limited
ukk4301-22300,Exmouth,East Devon,50.6110998,-3.401691312,South West Water Limited
ukk4304-34000,Instow,Instow,51.05292191,-4.181923983,South West Water Limited
ukk4304-34100,Saunton Sands,North Devon,51.11655331,-4.222358146,South West Water Limited
ukk4304-34200,Croyde Bay,North Devon,51.13153391,-4.238514539,South West Water Limited
ukk4304-34300,Putsborough,North Devon,51.14580971,-4.220904104,South West Water Limited
ukk4304-34400,Woolacombe Village,North Devon,51.17165327,-4.209699924,South West Water Limited
ukk4304-34410,"Combesgate Beach, Woolacombe",Mortehoe,51.17825641,-4.21244811,South West Water Limited
ukk4304-34450,Ilfracombe Tunnels Beach,North Devon,51.21045943,-4.127254415,South West Water Limited
ukk4304-34500,Ilfracombe Wildersmouth,North Devon,51.21052769,-4.121516139,South West Water Limited
ukk4304-34600,Ilfracombe Hele,North Devon,51.21086567,-4.097291581,South West Water Limited
ukk4304-34700,Combe Martin,Combe Martin,51.20732429,-4.038174649,South West Water Limited
ukk4304-34800,Lynmouth,North Devon,51.23169038,-3.824480587,South West Water Limited
ukk4305-24700,Dartmouth Castle and Sugary Cove,South Hams,50.34208047,-3.565492828,South West Water Limited
ukk4305-24800,Blackpool Sands,South Hams,50.31944156,-3.609700137,South West Water Limited
ukk4305-24900,Slapton Sands Monument,South Hams,50.28593837,-3.645066662,South West Water Limited
ukk4305-25000,Slapton Sands Torcross,South Hams,50.26623149,-3.652104828,South West Water Limited
ukk4305-25100,Mill Bay,South Hams,50.23000397,-3.766947202,South West Water Limited
ukk4305-25200,Salcombe North Sands,South Hams,50.23015595,-3.780553445,South West Water Limited
ukk4305-25300,Salcombe South Sands,South Hams,50.22605711,-3.783905778,South West Water Limited
ukk4305-25400,Hope Cove,South Hams,50.24265037,-3.859110261,South West Water Limited
ukk4305-25500,Thurlestone South,South Hams,50.26042046,-3.858146594,South West Water Limited
ukk4305-25600,Thurlestone North,South Hams,50.26395979,-3.861792192,South West Water Limited
ukk4305-25700,Bantham,South Hams,50.2789762,-3.878799945,South West Water Limited
ukk4305-25800,Bigbury-on-Sea South,South Hams,50.28168041,-3.895048496,South West Water Limited
ukk4305-25900,Bigbury-on-Sea North,South Hams,50.28317869,-3.89693283,South West Water Limited
ukk4305-26000,Challaborough,South Hams,50.28766602,-3.897532448,South West Water Limited
ukk4305-26100,Mothecombe,South Hams,50.30959644,-3.952759061,South West Water Limited
ukk4305-26200,Wembury,South Hams,50.31799954,-4.085149698,South West Water Limited
ukk4305-26300,Bovisand,South Hams,50.33554673,-4.119504263,South West Water Limited
ukk4306-22400,Dawlish Warren,Teignbridge,50.59967359,-3.438938539,South West Water Limited
ukk4306-22500,Dawlish Town,Teignbridge,50.58087556,-3.463680564,South West Water Limited
ukk4306-22600,Dawlish Coryton Cove,Teignbridge,50.5748418,-3.468545987,South West Water Limited
ukk4306-22700,Teignmouth Holcombe,Teignbridge,50.56190412,-3.47463851,South West Water Limited
ukk4306-22800,Teignmouth Town,Teignbridge,50.54538593,-3.493459527,South West Water Limited
ukk4306-22900,Shaldon,Teignbridge,50.53983913,-3.502372774,South West Water Limited
ukk4306-23000,Ness Cove,Teignbridge,50.53611593,-3.498176245,South West Water Limited
ukk4307-33800,Hartland Quay,Torridge,50.99554466,-4.533675439,South West Water Limited
ukk4307-33900,Westward Ho!,Torridge,51.04377497,-4.236162882,South West Water Limited